{
  "camera": {
    "type": "perspective",
    "focal_length": 3,
    "eye": [0,0,5],
    "up": [0,1,0],
    "look": [0,0,-1],
    "height": 1,
    "width": 1.7777777778
  },
  "materials": [
    {
      "name": "1",
      "ka": [0.1, 0.4, 1.0],
      "kd": [0.3, 0.6, 0.9],
      "ks": [0.8,0.8,0.8],
      "km": [0.05,0.05,0.05],
      "phong_exponent": 1000
    },
    {
      "name": "2",
      "ka": [0.2, 0.8, 0.3],
      "kd": [0.2, 0.8, 0.3],
      "ks": [0.1,0.1,0.1],
      "km": [0.3,0.3,0.3],
      "phong_exponent": 20
    },
    {
      "name": "3",
      "ka": [0.8943,0.1017,0.1098],
      "kd": [0.8943,0.1017,0.1098],
      "ks": [0.8943,0.1017,0.1098],
      "km": [0.8943,0.1017,0.1098],
      "phong_exponent": 1600
    },
    {
      "name": "4",
      "ka": [0.596078,0.305882,0.639216],
      "kd": [0.596078,0.305882,0.639216],
      "ks": [0.596078,0.305882,0.639216],
      "km": [0.596078,0.305882,0.639216],
      "phong_exponent": 1700
    },
    {
      "name": "5",
      "ka": [0.61,0.78,0.97],
      "kd": [0.61,0.78,0.97],
      "ks": [0,0,0],
      "km": [0,0,0],
      "phong_exponent": 1700
    },
    {
      "name": "6",
      "ka": [0.6,0.6,0.2],
      "kd": [0.6,0.6,0.2],
      "ks": [0.6,0.6,0.2],
      "km": [0.6,0.6,0.2],
      "phong_exponent": 1800
    }
  ],
  "lights":[
    {
      "type": "point",
      "position": [10,13,8],
      "color": [0.4,0.5,0.4]
    },
    {
      "type": "directional",
      "direction": [-1,0,0],
      "color": [0.7,0.7,0.7]
    }
  ],
  "objects": [
    {
      "type": "sphere",
      "material": "3",
      "center": [-0.25, 0,2,0.9],
      "radius": 0.1
  },
  {
    "type": "sphere",
    "material": "5",
    "radius": 0.1,
    "center": [ -0.5, 0.5, 0 ]
  },
  {
    "type": "sphere",
    "material": "6",
    "radius": 0.1,
    "center": [ -0.5, -0.2, 1 ]
  },
  {
    "type": "sphere",
    "material": "2",
    "radius": 0.2,
    "center": [ 0.1, 0.3,0.2 ]
  },
  {
    "type": "triangle",
    "material": "3",
    "corners": [
      [0,0.1,1],
      [-0.7,0.1,1],
      [-0.7,-0.6,1]
    ]
  },
  {
    "type": "plane",
    "material": "4",
    "point": [1.0,-0.9,0.3],
    "normal": [0, 1, 0]
  }
  ]
}
